{"cameraMode":{"drawMode":0,"name":"Shaded","section":"Shading Mode"},"sceneLighting":false,"audioPlay":false,"sceneViewState":{"m_AlwaysRefresh":false,"showFog":true,"showSkybox":false,"showFlares":true,"showImageEffects":true,"showParticleSystems":true,"showVisualEffectGraphs":true,"m_FxEnabled":true},"in2DMode":false,"pivot":{"x":3.8827247619628908,"y":2.5072994232177736,"z":4.035369873046875},"rotation":{"x":-0.15501706302165986,"y":0.7789711356163025,"z":-0.21207691729068757,"w":-0.5693906545639038},"size":21.924137115478517,"orthographic":false}