{"cameraMode":{"drawMode":0,"name":"Shaded","section":"Shading Mode"},"sceneLighting":false,"audioPlay":false,"sceneViewState":{"m_AlwaysRefresh":false,"showFog":true,"showSkybox":false,"showFlares":true,"showImageEffects":true,"showParticleSystems":true,"showVisualEffectGraphs":true,"m_FxEnabled":true},"in2DMode":false,"pivot":{"x":6.145711898803711,"y":6.0804057121276859,"z":2.2558858394622804},"rotation":{"x":-0.15538719296455384,"y":0.7325839996337891,"z":-0.17835192382335664,"w":-0.6382591724395752},"size":12.182262420654297,"orthographic":false}