{"cameraMode":{"drawMode":0,"name":"Shaded","section":"Shading Mode"},"sceneLighting":false,"audioPlay":false,"sceneViewState":{"m_AlwaysRefresh":false,"showFog":true,"showSkybox":false,"showFlares":true,"showImageEffects":true,"showParticleSystems":true,"showVisualEffectGraphs":true,"m_FxEnabled":true},"in2DMode":false,"pivot":{"x":-0.0003209114074707031,"y":1.6578888893127442,"z":-0.003129631280899048},"rotation":{"x":-0.10570146143436432,"y":0.7308272123336792,"z":-0.11629820615053177,"w":-0.6642326712608337},"size":2.6679370403289797,"orthographic":false}