{"cameraMode":{"drawMode":0,"name":"Shaded","section":"Shading Mode"},"sceneLighting":false,"audioPlay":false,"sceneViewState":{"m_AlwaysRefresh":false,"showFog":true,"showSkybox":false,"showFlares":true,"showImageEffects":true,"showParticleSystems":true,"showVisualEffectGraphs":true,"m_FxEnabled":true},"in2DMode":false,"pivot":{"x":2.4850006103515627,"y":3.3760766983032228,"z":2.5125503540039064},"rotation":{"x":-0.15501706302165986,"y":0.7789711356163025,"z":-0.21207691729068757,"w":-0.5693906545639038},"size":15.20089340209961,"orthographic":false}